Driver,LapNumber,LapTimeSeconds,Stint,Compound
LEC,3.0,84.624,2.0,HARD
LEC,4.0,82.625,2.0,HARD
LEC,5.0,81.795,2.0,HARD
LEC,6.0,81.145,2.0,HARD
LEC,7.0,80.98,2.0,HARD
LEC,8.0,81.03,2.0,HARD
LEC,9.0,80.114,2.0,HARD
LEC,10.0,80.775,2.0,HARD
LEC,11.0,81.046,2.0,HARD
LEC,12.0,80.252,2.0,HARD
LEC,13.0,79.017,2.0,HARD
LEC,14.0,79.913,2.0,HARD
LEC,15.0,79.838,2.0,HARD
LEC,16.0,80.156,2.0,HARD
LEC,17.0,80.279,2.0,HARD
LEC,18.0,79.58,2.0,HARD
LEC,19.0,78.842,2.0,HARD
LEC,20.0,78.724,2.0,HARD
LEC,21.0,78.472,2.0,HARD
LEC,22.0,78.62,2.0,HARD
LEC,23.0,78.458,2.0,HARD
LEC,24.0,78.725,2.0,HARD
LEC,25.0,78.973,2.0,HARD
LEC,26.0,78.445,2.0,HARD
LEC,27.0,78.351,2.0,HARD
LEC,28.0,78.71,2.0,HARD
LEC,29.0,79.053,2.0,HARD
LEC,30.0,79.935,2.0,HARD
LEC,31.0,78.393,2.0,HARD
LEC,32.0,79.125,2.0,HARD
LEC,33.0,78.494,2.0,HARD
LEC,34.0,79.319,2.0,HARD
LEC,35.0,78.53,2.0,HARD
LEC,36.0,78.689,2.0,HARD
LEC,37.0,78.925,2.0,HARD
LEC,38.0,78.528,2.0,HARD
LEC,39.0,78.181,2.0,HARD
LEC,40.0,78.733,2.0,HARD
LEC,41.0,78.694,2.0,HARD
LEC,42.0,79.277,2.0,HARD
LEC,43.0,77.865,2.0,HARD
LEC,44.0,78.276,2.0,HARD
LEC,45.0,78.541,2.0,HARD
LEC,46.0,78.567,2.0,HARD
LEC,47.0,79.185,2.0,HARD
LEC,48.0,77.941,2.0,HARD
LEC,49.0,78.506,2.0,HARD
LEC,50.0,78.185,2.0,HARD
LEC,51.0,77.79,2.0,HARD
LEC,52.0,78.311,2.0,HARD
LEC,53.0,77.748,2.0,HARD
LEC,54.0,77.357,2.0,HARD
LEC,55.0,77.444,2.0,HARD
LEC,56.0,77.266,2.0,HARD
LEC,57.0,77.64,2.0,HARD
LEC,58.0,77.028,2.0,HARD
LEC,59.0,77.034,2.0,HARD
LEC,60.0,76.414,2.0,HARD
LEC,61.0,76.863,2.0,HARD
LEC,62.0,77.454,2.0,HARD
LEC,63.0,76.971,2.0,HARD
LEC,64.0,76.56,2.0,HARD
LEC,65.0,76.607,2.0,HARD
LEC,66.0,76.489,2.0,HARD
LEC,67.0,75.941,2.0,HARD
LEC,68.0,76.082,2.0,HARD
LEC,69.0,76.373,2.0,HARD
LEC,70.0,75.767,2.0,HARD
LEC,71.0,75.162,2.0,HARD
LEC,72.0,75.547,2.0,HARD
LEC,73.0,76.219,2.0,HARD
LEC,74.0,76.105,2.0,HARD
LEC,75.0,76.387,2.0,HARD
LEC,76.0,76.808,2.0,HARD
LEC,77.0,76.933,2.0,HARD
LEC,78.0,78.636,2.0,HARD
PIA,3.0,84.953,2.0,HARD
PIA,4.0,82.314,2.0,HARD
PIA,5.0,82.019,2.0,HARD
PIA,6.0,81.354,2.0,HARD
PIA,7.0,80.808,2.0,HARD
PIA,8.0,81.058,2.0,HARD
PIA,9.0,79.906,2.0,HARD
PIA,10.0,80.89,2.0,HARD
PIA,11.0,80.898,2.0,HARD
PIA,12.0,80.135,2.0,HARD
PIA,13.0,78.745,2.0,HARD
PIA,14.0,80.014,2.0,HARD
PIA,15.0,80.264,2.0,HARD
PIA,16.0,79.829,2.0,HARD
PIA,17.0,80.028,2.0,HARD
PIA,18.0,79.832,2.0,HARD
PIA,19.0,79.179,2.0,HARD
PIA,20.0,79.055,2.0,HARD
PIA,21.0,78.601,2.0,HARD
PIA,22.0,78.585,2.0,HARD
PIA,23.0,78.658,2.0,HARD
PIA,24.0,78.636,2.0,HARD
PIA,25.0,78.784,2.0,HARD
PIA,26.0,78.44,2.0,HARD
PIA,27.0,78.523,2.0,HARD
PIA,28.0,78.791,2.0,HARD
PIA,29.0,79.01,2.0,HARD
PIA,30.0,79.396,2.0,HARD
PIA,31.0,78.449,2.0,HARD
PIA,32.0,78.969,2.0,HARD
PIA,33.0,79.06,2.0,HARD
PIA,34.0,78.978,2.0,HARD
PIA,35.0,78.605,2.0,HARD
PIA,36.0,78.882,2.0,HARD
PIA,37.0,78.612,2.0,HARD
PIA,38.0,78.731,2.0,HARD
PIA,39.0,78.362,2.0,HARD
PIA,40.0,78.951,2.0,HARD
PIA,41.0,78.846,2.0,HARD
PIA,42.0,79.795,2.0,HARD
PIA,43.0,78.198,2.0,HARD
PIA,44.0,78.277,2.0,HARD
PIA,45.0,78.082,2.0,HARD
PIA,46.0,78.623,2.0,HARD
PIA,47.0,78.399,2.0,HARD
PIA,48.0,78.395,2.0,HARD
PIA,49.0,78.136,2.0,HARD
PIA,50.0,78.35,2.0,HARD
PIA,51.0,77.909,2.0,HARD
PIA,52.0,78.214,2.0,HARD
PIA,53.0,77.609,2.0,HARD
PIA,54.0,77.362,2.0,HARD
PIA,55.0,77.445,2.0,HARD
PIA,56.0,77.456,2.0,HARD
PIA,57.0,77.3,2.0,HARD
PIA,58.0,77.344,2.0,HARD
PIA,59.0,77.042,2.0,HARD
PIA,60.0,76.617,2.0,HARD
PIA,61.0,76.771,2.0,HARD
PIA,62.0,77.095,2.0,HARD
PIA,63.0,76.921,2.0,HARD
PIA,64.0,76.909,2.0,HARD
PIA,65.0,76.391,2.0,HARD
PIA,66.0,76.64,2.0,HARD
PIA,67.0,76.596,2.0,HARD
PIA,68.0,76.601,2.0,HARD
PIA,69.0,77.371,2.0,HARD
PIA,70.0,77.27,2.0,HARD
PIA,71.0,77.184,2.0,HARD
PIA,72.0,76.652,2.0,HARD
PIA,73.0,76.281,2.0,HARD
PIA,74.0,76.356,2.0,HARD
PIA,75.0,76.644,2.0,HARD
PIA,76.0,76.59,2.0,HARD
PIA,77.0,76.734,2.0,HARD
PIA,78.0,77.126,2.0,HARD
SAI,3.0,85.012,2.0,HARD
SAI,4.0,82.358,2.0,HARD
SAI,5.0,81.978,2.0,HARD
SAI,6.0,81.163,2.0,HARD
SAI,7.0,81.466,2.0,HARD
SAI,8.0,80.272,2.0,HARD
SAI,9.0,80.525,2.0,HARD
SAI,10.0,81.259,2.0,HARD
SAI,11.0,80.246,2.0,HARD
SAI,12.0,79.974,2.0,HARD
SAI,13.0,80.017,2.0,HARD
SAI,14.0,79.48,2.0,HARD
SAI,15.0,79.543,2.0,HARD
SAI,16.0,80.579,2.0,HARD
SAI,17.0,80.076,2.0,HARD
SAI,18.0,79.177,2.0,HARD
SAI,19.0,79.445,2.0,HARD
SAI,20.0,79.403,2.0,HARD
SAI,21.0,78.917,2.0,HARD
SAI,22.0,78.889,2.0,HARD
SAI,23.0,78.993,2.0,HARD
SAI,24.0,78.568,2.0,HARD
SAI,25.0,78.537,2.0,HARD
SAI,26.0,78.088,2.0,HARD
SAI,27.0,79.49,2.0,HARD
SAI,28.0,79.281,2.0,HARD
SAI,29.0,78.697,2.0,HARD
SAI,30.0,77.326,2.0,HARD
SAI,31.0,79.784,2.0,HARD
SAI,32.0,80.136,2.0,HARD
SAI,33.0,78.778,2.0,HARD
SAI,34.0,79.013,2.0,HARD
SAI,35.0,78.465,2.0,HARD
SAI,36.0,79.275,2.0,HARD
SAI,37.0,77.577,2.0,HARD
SAI,38.0,78.412,2.0,HARD
SAI,39.0,78.31,2.0,HARD
SAI,40.0,78.653,2.0,HARD
SAI,41.0,78.714,2.0,HARD
SAI,42.0,79.171,2.0,HARD
SAI,43.0,79.594,2.0,HARD
SAI,44.0,78.762,2.0,HARD
SAI,45.0,77.885,2.0,HARD
SAI,46.0,78.731,2.0,HARD
SAI,47.0,78.141,2.0,HARD
SAI,48.0,77.894,2.0,HARD
SAI,49.0,78.259,2.0,HARD
SAI,50.0,78.545,2.0,HARD
SAI,51.0,77.528,2.0,HARD
SAI,52.0,78.094,2.0,HARD
SAI,53.0,77.759,2.0,HARD
SAI,54.0,77.742,2.0,HARD
SAI,55.0,78.661,2.0,HARD
SAI,56.0,78.119,2.0,HARD
SAI,57.0,77.599,2.0,HARD
SAI,58.0,77.501,2.0,HARD
SAI,59.0,77.134,2.0,HARD
SAI,60.0,75.159,2.0,HARD
SAI,61.0,79.046,2.0,HARD
SAI,62.0,74.726,2.0,HARD
SAI,63.0,78.207,2.0,HARD
SAI,64.0,74.813,2.0,HARD
SAI,65.0,78.137,2.0,HARD
SAI,66.0,75.409,2.0,HARD
SAI,67.0,76.847,2.0,HARD
SAI,68.0,75.595,2.0,HARD
SAI,69.0,76.218,2.0,HARD
SAI,70.0,77.117,2.0,HARD
SAI,71.0,77.214,2.0,HARD
SAI,72.0,76.785,2.0,HARD
SAI,73.0,76.417,2.0,HARD
SAI,74.0,76.063,2.0,HARD
SAI,75.0,76.905,2.0,HARD
SAI,76.0,76.328,2.0,HARD
SAI,77.0,76.701,2.0,HARD
SAI,78.0,77.072,2.0,HARD
NOR,3.0,85.283,2.0,HARD
NOR,4.0,82.782,2.0,HARD
NOR,5.0,82.147,2.0,HARD
NOR,6.0,81.804,2.0,HARD
NOR,7.0,80.828,2.0,HARD
NOR,8.0,80.82,2.0,HARD
NOR,9.0,80.397,2.0,HARD
NOR,10.0,80.972,2.0,HARD
NOR,11.0,80.87,2.0,HARD
NOR,12.0,79.933,2.0,HARD
NOR,13.0,79.82,2.0,HARD
NOR,14.0,79.385,2.0,HARD
NOR,15.0,79.775,2.0,HARD
NOR,16.0,79.637,2.0,HARD
NOR,17.0,80.337,2.0,HARD
NOR,18.0,79.398,2.0,HARD
NOR,19.0,79.28,2.0,HARD
NOR,20.0,79.043,2.0,HARD
NOR,21.0,78.983,2.0,HARD
NOR,22.0,78.981,2.0,HARD
NOR,23.0,79.194,2.0,HARD
NOR,24.0,78.699,2.0,HARD
NOR,25.0,78.64,2.0,HARD
NOR,26.0,78.396,2.0,HARD
NOR,27.0,78.72,2.0,HARD
NOR,28.0,79.238,2.0,HARD
NOR,29.0,78.766,2.0,HARD
NOR,30.0,78.403,2.0,HARD
NOR,31.0,78.78,2.0,HARD
NOR,32.0,79.538,2.0,HARD
NOR,33.0,79.233,2.0,HARD
NOR,34.0,79.243,2.0,HARD
NOR,35.0,78.714,2.0,HARD
NOR,36.0,78.582,2.0,HARD
NOR,37.0,77.958,2.0,HARD
NOR,38.0,77.994,2.0,HARD
NOR,39.0,78.303,2.0,HARD
NOR,40.0,78.824,2.0,HARD
NOR,41.0,78.519,2.0,HARD
NOR,42.0,79.436,2.0,HARD
NOR,43.0,79.796,2.0,HARD
NOR,44.0,78.906,2.0,HARD
NOR,45.0,77.897,2.0,HARD
NOR,46.0,78.215,2.0,HARD
NOR,47.0,78.141,2.0,HARD
NOR,48.0,77.975,2.0,HARD
NOR,49.0,78.177,2.0,HARD
NOR,50.0,78.218,2.0,HARD
NOR,51.0,77.772,2.0,HARD
NOR,52.0,78.223,2.0,HARD
NOR,53.0,77.57,2.0,HARD
NOR,54.0,77.838,2.0,HARD
NOR,55.0,78.382,2.0,HARD
NOR,56.0,78.155,2.0,HARD
NOR,57.0,77.815,2.0,HARD
NOR,58.0,77.395,2.0,HARD
NOR,59.0,77.122,2.0,HARD
NOR,60.0,76.695,2.0,HARD
NOR,61.0,77.614,2.0,HARD
NOR,62.0,76.026,2.0,HARD
NOR,63.0,76.876,2.0,HARD
NOR,64.0,75.742,2.0,HARD
NOR,65.0,77.143,2.0,HARD
NOR,66.0,76.214,2.0,HARD
NOR,67.0,76.115,2.0,HARD
NOR,68.0,76.172,2.0,HARD
NOR,69.0,76.314,2.0,HARD
NOR,70.0,77.213,2.0,HARD
NOR,71.0,76.609,2.0,HARD
NOR,72.0,76.801,2.0,HARD
NOR,73.0,76.285,2.0,HARD
NOR,74.0,76.429,2.0,HARD
NOR,75.0,76.517,2.0,HARD
NOR,76.0,76.671,2.0,HARD
NOR,77.0,76.512,2.0,HARD
NOR,78.0,77.296,2.0,HARD
RUS,3.0,85.319,2.0,MEDIUM
RUS,4.0,82.868,2.0,MEDIUM
RUS,5.0,83.045,2.0,MEDIUM
RUS,6.0,83.012,2.0,MEDIUM
RUS,7.0,81.415,2.0,MEDIUM
RUS,8.0,81.612,2.0,MEDIUM
RUS,9.0,81.433,2.0,MEDIUM
RUS,10.0,81.531,2.0,MEDIUM
RUS,11.0,81.452,2.0,MEDIUM
RUS,12.0,80.316,2.0,MEDIUM
RUS,13.0,80.525,2.0,MEDIUM
RUS,14.0,80.272,2.0,MEDIUM
RUS,15.0,80.202,2.0,MEDIUM
RUS,16.0,79.913,2.0,MEDIUM
RUS,17.0,80.15,2.0,MEDIUM
RUS,18.0,79.438,2.0,MEDIUM
RUS,19.0,80.157,2.0,MEDIUM
RUS,20.0,80.053,2.0,MEDIUM
RUS,21.0,79.788,2.0,MEDIUM
RUS,22.0,79.691,2.0,MEDIUM
RUS,23.0,79.397,2.0,MEDIUM
RUS,24.0,79.484,2.0,MEDIUM
RUS,25.0,78.651,2.0,MEDIUM
RUS,26.0,79.006,2.0,MEDIUM
RUS,27.0,78.927,2.0,MEDIUM
RUS,28.0,78.679,2.0,MEDIUM
RUS,29.0,78.624,2.0,MEDIUM
RUS,30.0,78.811,2.0,MEDIUM
RUS,31.0,79.101,2.0,MEDIUM
RUS,32.0,79.122,2.0,MEDIUM
RUS,33.0,78.91,2.0,MEDIUM
RUS,34.0,79.379,2.0,MEDIUM
RUS,35.0,80.448,2.0,MEDIUM
RUS,36.0,79.728,2.0,MEDIUM
RUS,37.0,78.757,2.0,MEDIUM
RUS,38.0,78.446,2.0,MEDIUM
RUS,39.0,78.45,2.0,MEDIUM
RUS,40.0,78.139,2.0,MEDIUM
RUS,41.0,78.308,2.0,MEDIUM
RUS,42.0,78.204,2.0,MEDIUM
RUS,43.0,78.684,2.0,MEDIUM
RUS,44.0,78.177,2.0,MEDIUM
RUS,45.0,78.449,2.0,MEDIUM
RUS,46.0,78.387,2.0,MEDIUM
RUS,47.0,78.314,2.0,MEDIUM
RUS,48.0,78.702,2.0,MEDIUM
RUS,49.0,78.985,2.0,MEDIUM
RUS,50.0,78.447,2.0,MEDIUM
RUS,51.0,78.049,2.0,MEDIUM
RUS,52.0,78.602,2.0,MEDIUM
RUS,53.0,80.891,2.0,MEDIUM
RUS,54.0,78.201,2.0,MEDIUM
RUS,55.0,77.305,2.0,MEDIUM
RUS,56.0,77.071,2.0,MEDIUM
RUS,57.0,76.91,2.0,MEDIUM
RUS,58.0,77.142,2.0,MEDIUM
RUS,59.0,76.842,2.0,MEDIUM
RUS,60.0,76.604,2.0,MEDIUM
RUS,61.0,76.697,2.0,MEDIUM
RUS,62.0,76.787,2.0,MEDIUM
RUS,63.0,76.581,2.0,MEDIUM
RUS,64.0,76.133,2.0,MEDIUM
RUS,65.0,75.651,2.0,MEDIUM
RUS,66.0,75.848,2.0,MEDIUM
RUS,67.0,76.157,2.0,MEDIUM
RUS,68.0,75.931,2.0,MEDIUM
RUS,69.0,75.869,2.0,MEDIUM
RUS,70.0,75.251,2.0,MEDIUM
RUS,71.0,75.827,2.0,MEDIUM
RUS,72.0,75.839,2.0,MEDIUM
RUS,73.0,75.228,2.0,MEDIUM
RUS,74.0,75.376,2.0,MEDIUM
RUS,75.0,75.525,2.0,MEDIUM
RUS,76.0,75.753,2.0,MEDIUM
RUS,77.0,75.532,2.0,MEDIUM
RUS,78.0,76.303,2.0,MEDIUM
VER,3.0,85.744,2.0,MEDIUM
VER,4.0,83.275,2.0,MEDIUM
VER,5.0,83.4,2.0,MEDIUM
VER,6.0,83.787,2.0,MEDIUM
VER,7.0,81.283,2.0,MEDIUM
VER,8.0,81.657,2.0,MEDIUM
VER,9.0,81.74,2.0,MEDIUM
VER,10.0,81.244,2.0,MEDIUM
VER,11.0,81.492,2.0,MEDIUM
VER,12.0,80.659,2.0,MEDIUM
VER,13.0,79.904,2.0,MEDIUM
VER,14.0,79.723,2.0,MEDIUM
VER,15.0,80.37,2.0,MEDIUM
VER,16.0,80.287,2.0,MEDIUM
VER,17.0,79.898,2.0,MEDIUM
VER,18.0,79.58,2.0,MEDIUM
VER,19.0,80.171,2.0,MEDIUM
VER,20.0,79.886,2.0,MEDIUM
VER,21.0,80.255,2.0,MEDIUM
VER,22.0,79.813,2.0,MEDIUM
VER,23.0,78.979,2.0,MEDIUM
VER,24.0,79.364,2.0,MEDIUM
VER,25.0,79.38,2.0,MEDIUM
VER,26.0,78.818,2.0,MEDIUM
VER,27.0,78.797,2.0,MEDIUM
VER,28.0,78.682,2.0,MEDIUM
VER,29.0,78.795,2.0,MEDIUM
VER,30.0,78.574,2.0,MEDIUM
VER,31.0,78.564,2.0,MEDIUM
VER,32.0,78.983,2.0,MEDIUM
VER,33.0,79.005,2.0,MEDIUM
VER,34.0,79.594,2.0,MEDIUM
VER,35.0,80.207,2.0,MEDIUM
VER,36.0,79.634,2.0,MEDIUM
VER,37.0,79.429,2.0,MEDIUM
VER,38.0,78.844,2.0,MEDIUM
VER,39.0,78.326,2.0,MEDIUM
VER,40.0,78.409,2.0,MEDIUM
VER,41.0,78.083,2.0,MEDIUM
VER,42.0,78.074,2.0,MEDIUM
VER,43.0,78.358,2.0,MEDIUM
VER,44.0,78.405,2.0,MEDIUM
VER,45.0,78.313,2.0,MEDIUM
VER,46.0,78.203,2.0,MEDIUM
VER,47.0,78.537,2.0,MEDIUM
VER,48.0,78.337,2.0,MEDIUM
VER,49.0,78.477,2.0,MEDIUM
VER,50.0,78.88,2.0,MEDIUM
VER,51.0,78.142,2.0,MEDIUM
VER,54.0,75.815,3.0,HARD
VER,55.0,75.398,3.0,HARD
VER,56.0,75.466,3.0,HARD
VER,57.0,76.181,3.0,HARD
VER,58.0,74.569,3.0,HARD
VER,59.0,74.748,3.0,HARD
VER,60.0,75.238,3.0,HARD
VER,61.0,75.121,3.0,HARD
VER,62.0,76.561,3.0,HARD
VER,63.0,76.547,3.0,HARD
VER,64.0,76.619,3.0,HARD
VER,65.0,75.468,3.0,HARD
VER,66.0,76.121,3.0,HARD
VER,67.0,76.276,3.0,HARD
VER,68.0,75.954,3.0,HARD
VER,69.0,75.463,3.0,HARD
VER,70.0,75.449,3.0,HARD
VER,71.0,75.659,3.0,HARD
VER,72.0,75.733,3.0,HARD
VER,73.0,75.436,3.0,HARD
VER,74.0,75.38,3.0,HARD
VER,75.0,75.396,3.0,HARD
VER,76.0,75.641,3.0,HARD
VER,77.0,75.543,3.0,HARD
VER,78.0,76.248,3.0,HARD
HAM,3.0,87.058,2.0,MEDIUM
HAM,4.0,83.376,2.0,MEDIUM
HAM,5.0,83.64,2.0,MEDIUM
HAM,6.0,83.369,2.0,MEDIUM
HAM,7.0,81.463,2.0,MEDIUM
HAM,8.0,81.612,2.0,MEDIUM
HAM,9.0,81.851,2.0,MEDIUM
HAM,10.0,81.437,2.0,MEDIUM
HAM,11.0,81.325,2.0,MEDIUM
HAM,12.0,81.164,2.0,MEDIUM
HAM,13.0,80.171,2.0,MEDIUM
HAM,14.0,80.126,2.0,MEDIUM
HAM,15.0,79.971,2.0,MEDIUM
HAM,16.0,80.384,2.0,MEDIUM
HAM,17.0,79.738,2.0,MEDIUM
HAM,18.0,80.037,2.0,MEDIUM
HAM,19.0,79.874,2.0,MEDIUM
HAM,20.0,80.504,2.0,MEDIUM
HAM,21.0,79.76,2.0,MEDIUM
HAM,22.0,80.59,2.0,MEDIUM
HAM,23.0,79.089,2.0,MEDIUM
HAM,24.0,78.785,2.0,MEDIUM
HAM,25.0,79.342,2.0,MEDIUM
HAM,26.0,79.862,2.0,MEDIUM
HAM,27.0,78.549,2.0,MEDIUM
HAM,28.0,78.587,2.0,MEDIUM
HAM,29.0,78.94,2.0,MEDIUM
HAM,30.0,78.371,2.0,MEDIUM
HAM,31.0,78.471,2.0,MEDIUM
HAM,32.0,78.618,2.0,MEDIUM
HAM,33.0,78.746,2.0,MEDIUM
HAM,34.0,78.86,2.0,MEDIUM
HAM,35.0,79.518,2.0,MEDIUM
HAM,36.0,80.648,2.0,MEDIUM
HAM,37.0,78.605,2.0,MEDIUM
HAM,38.0,80.514,2.0,MEDIUM
HAM,39.0,78.943,2.0,MEDIUM
HAM,40.0,78.673,2.0,MEDIUM
HAM,41.0,78.946,2.0,MEDIUM
HAM,42.0,77.542,2.0,MEDIUM
HAM,43.0,77.867,2.0,MEDIUM
HAM,44.0,78.225,2.0,MEDIUM
HAM,45.0,78.156,2.0,MEDIUM
HAM,46.0,78.104,2.0,MEDIUM
HAM,47.0,78.331,2.0,MEDIUM
HAM,48.0,77.831,2.0,MEDIUM
HAM,49.0,77.398,2.0,MEDIUM
HAM,50.0,78.461,2.0,MEDIUM
HAM,53.0,76.458,3.0,HARD
HAM,54.0,76.388,3.0,HARD
HAM,55.0,76.492,3.0,HARD
HAM,56.0,74.423,3.0,HARD
HAM,57.0,77.857,3.0,HARD
HAM,58.0,76.855,3.0,HARD
HAM,59.0,74.204,3.0,HARD
HAM,60.0,75.848,3.0,HARD
HAM,61.0,75.274,3.0,HARD
HAM,62.0,75.414,3.0,HARD
HAM,63.0,74.165,3.0,HARD
HAM,64.0,76.164,3.0,HARD
HAM,65.0,75.19,3.0,HARD
HAM,66.0,75.342,3.0,HARD
HAM,67.0,76.117,3.0,HARD
HAM,68.0,75.836,3.0,HARD
HAM,69.0,75.648,3.0,HARD
HAM,70.0,75.638,3.0,HARD
HAM,71.0,75.643,3.0,HARD
HAM,72.0,75.468,3.0,HARD
HAM,73.0,75.134,3.0,HARD
HAM,74.0,75.324,3.0,HARD
HAM,75.0,75.324,3.0,HARD
HAM,76.0,75.245,3.0,HARD
HAM,77.0,75.697,3.0,HARD
HAM,78.0,76.355,3.0,HARD
TSU,3.0,87.563,2.0,HARD
TSU,4.0,83.327,2.0,HARD
TSU,5.0,83.493,2.0,HARD
TSU,6.0,83.224,2.0,HARD
TSU,7.0,81.826,2.0,HARD
TSU,8.0,81.651,2.0,HARD
TSU,9.0,81.896,2.0,HARD
TSU,10.0,81.591,2.0,HARD
TSU,11.0,81.289,2.0,HARD
TSU,12.0,81.089,2.0,HARD
TSU,13.0,80.682,2.0,HARD
TSU,14.0,81.249,2.0,HARD
TSU,15.0,80.099,2.0,HARD
TSU,16.0,80.847,2.0,HARD
TSU,17.0,80.335,2.0,HARD
TSU,18.0,80.612,2.0,HARD
TSU,19.0,80.77,2.0,HARD
TSU,20.0,79.991,2.0,HARD
TSU,21.0,80.557,2.0,HARD
TSU,22.0,80.875,2.0,HARD
TSU,23.0,80.45,2.0,HARD
TSU,24.0,80.386,2.0,HARD
TSU,25.0,80.329,2.0,HARD
TSU,26.0,80.448,2.0,HARD
TSU,27.0,80.286,2.0,HARD
TSU,28.0,80.184,2.0,HARD
TSU,29.0,79.837,2.0,HARD
TSU,30.0,80.495,2.0,HARD
TSU,31.0,80.19,2.0,HARD
TSU,32.0,81.023,2.0,HARD
TSU,33.0,80.749,2.0,HARD
TSU,34.0,79.153,2.0,HARD
TSU,35.0,78.973,2.0,HARD
TSU,36.0,79.472,2.0,HARD
TSU,37.0,80.071,2.0,HARD
TSU,38.0,80.117,2.0,HARD
TSU,39.0,79.855,2.0,HARD
TSU,40.0,79.745,2.0,HARD
TSU,41.0,80.772,2.0,HARD
TSU,42.0,80.32,2.0,HARD
TSU,43.0,80.135,2.0,HARD
TSU,44.0,80.394,2.0,HARD
TSU,45.0,80.144,2.0,HARD
TSU,46.0,80.294,2.0,HARD
TSU,47.0,80.426,2.0,HARD
TSU,48.0,80.543,2.0,HARD
TSU,49.0,80.109,2.0,HARD
TSU,50.0,79.553,2.0,HARD
TSU,51.0,78.64,2.0,HARD
TSU,52.0,80.114,2.0,HARD
TSU,53.0,79.854,2.0,HARD
TSU,54.0,85.77,2.0,HARD
TSU,55.0,79.781,2.0,HARD
TSU,56.0,78.502,2.0,HARD
TSU,57.0,78.499,2.0,HARD
TSU,58.0,78.737,2.0,HARD
TSU,59.0,78.035,2.0,HARD
TSU,60.0,79.659,2.0,HARD
TSU,61.0,80.298,2.0,HARD
TSU,62.0,79.375,2.0,HARD
TSU,63.0,83.218,2.0,HARD
TSU,64.0,77.631,2.0,HARD
TSU,65.0,77.019,2.0,HARD
TSU,66.0,78.197,2.0,HARD
TSU,67.0,78.148,2.0,HARD
TSU,68.0,78.209,2.0,HARD
TSU,69.0,80.032,2.0,HARD
TSU,70.0,79.347,2.0,HARD
TSU,71.0,78.258,2.0,HARD
TSU,72.0,77.079,2.0,HARD
TSU,73.0,75.955,2.0,HARD
TSU,74.0,75.462,2.0,HARD
TSU,75.0,74.992,2.0,HARD
TSU,76.0,75.205,2.0,HARD
TSU,77.0,74.72,2.0,HARD
ALB,3.0,87.834,2.0,HARD
ALB,4.0,83.286,2.0,HARD
ALB,5.0,83.369,2.0,HARD
ALB,6.0,83.416,2.0,HARD
ALB,7.0,81.913,2.0,HARD
ALB,8.0,81.536,2.0,HARD
ALB,9.0,82.004,2.0,HARD
ALB,10.0,81.562,2.0,HARD
ALB,11.0,81.514,2.0,HARD
ALB,12.0,80.821,2.0,HARD
ALB,13.0,81.42,2.0,HARD
ALB,14.0,80.591,2.0,HARD
ALB,15.0,80.591,2.0,HARD
ALB,16.0,80.793,2.0,HARD
ALB,17.0,81.137,2.0,HARD
ALB,18.0,80.042,2.0,HARD
ALB,19.0,80.245,2.0,HARD
ALB,20.0,80.36,2.0,HARD
ALB,21.0,80.937,2.0,HARD
ALB,22.0,80.542,2.0,HARD
ALB,23.0,80.143,2.0,HARD
ALB,24.0,80.517,2.0,HARD
ALB,25.0,80.323,2.0,HARD
ALB,26.0,80.463,2.0,HARD
ALB,27.0,80.509,2.0,HARD
ALB,28.0,79.51,2.0,HARD
ALB,29.0,80.271,2.0,HARD
ALB,30.0,81.439,2.0,HARD
ALB,31.0,80.941,2.0,HARD
ALB,32.0,80.148,2.0,HARD
ALB,33.0,79.491,2.0,HARD
ALB,34.0,79.134,2.0,HARD
ALB,35.0,78.816,2.0,HARD
ALB,36.0,81.628,2.0,HARD
ALB,37.0,80.775,2.0,HARD
ALB,38.0,80.314,2.0,HARD
ALB,39.0,80.389,2.0,HARD
ALB,40.0,79.812,2.0,HARD
ALB,41.0,79.329,2.0,HARD
ALB,42.0,80.084,2.0,HARD
ALB,43.0,79.496,2.0,HARD
ALB,44.0,79.683,2.0,HARD
ALB,45.0,81.748,2.0,HARD
ALB,46.0,80.594,2.0,HARD
ALB,47.0,80.462,2.0,HARD
ALB,48.0,79.321,2.0,HARD
ALB,49.0,79.378,2.0,HARD
ALB,50.0,79.268,2.0,HARD
ALB,51.0,78.863,2.0,HARD
ALB,52.0,81.554,2.0,HARD
ALB,53.0,80.7,2.0,HARD
ALB,54.0,83.647,2.0,HARD
ALB,55.0,79.085,2.0,HARD
ALB,56.0,78.796,2.0,HARD
ALB,57.0,78.271,2.0,HARD
ALB,58.0,78.69,2.0,HARD
ALB,59.0,78.201,2.0,HARD
ALB,60.0,79.533,2.0,HARD
ALB,61.0,80.222,2.0,HARD
ALB,62.0,79.506,2.0,HARD
ALB,63.0,83.085,2.0,HARD
ALB,64.0,77.911,2.0,HARD
ALB,65.0,77.261,2.0,HARD
ALB,66.0,78.003,2.0,HARD
ALB,67.0,77.874,2.0,HARD
ALB,68.0,78.385,2.0,HARD
ALB,69.0,79.921,2.0,HARD
ALB,70.0,79.37,2.0,HARD
ALB,71.0,78.957,2.0,HARD
ALB,72.0,78.165,2.0,HARD
ALB,73.0,78.432,2.0,HARD
ALB,74.0,78.014,2.0,HARD
ALB,75.0,77.85,2.0,HARD
ALB,76.0,77.279,2.0,HARD
ALB,77.0,77.06,2.0,HARD
GAS,3.0,88.269,2.0,MEDIUM
GAS,4.0,83.269,2.0,MEDIUM
GAS,5.0,83.428,2.0,MEDIUM
GAS,6.0,83.106,2.0,MEDIUM
GAS,7.0,82.233,2.0,MEDIUM
GAS,8.0,81.6,2.0,MEDIUM
GAS,9.0,82.071,2.0,MEDIUM
GAS,10.0,81.394,2.0,MEDIUM
GAS,11.0,81.298,2.0,MEDIUM
GAS,12.0,81.289,2.0,MEDIUM
GAS,13.0,81.53,2.0,MEDIUM
GAS,14.0,79.92,2.0,MEDIUM
GAS,15.0,81.066,2.0,MEDIUM
GAS,16.0,81.054,2.0,MEDIUM
GAS,17.0,81.961,2.0,MEDIUM
GAS,18.0,80.797,2.0,MEDIUM
GAS,19.0,79.904,2.0,MEDIUM
GAS,20.0,80.255,2.0,MEDIUM
GAS,21.0,79.876,2.0,MEDIUM
GAS,22.0,80.554,2.0,MEDIUM
GAS,23.0,81.306,2.0,MEDIUM
GAS,24.0,80.949,2.0,MEDIUM
GAS,25.0,80.372,2.0,MEDIUM
GAS,26.0,80.593,2.0,MEDIUM
GAS,27.0,80.521,2.0,MEDIUM
GAS,28.0,80.229,2.0,MEDIUM
GAS,29.0,79.376,2.0,MEDIUM
GAS,30.0,81.764,2.0,MEDIUM
GAS,31.0,81.427,2.0,MEDIUM
GAS,32.0,81.121,2.0,MEDIUM
GAS,33.0,80.965,2.0,MEDIUM
GAS,34.0,80.751,2.0,MEDIUM
GAS,35.0,79.361,2.0,MEDIUM
GAS,36.0,79.576,2.0,MEDIUM
GAS,37.0,79.975,2.0,MEDIUM
GAS,38.0,79.428,2.0,MEDIUM
GAS,39.0,80.32,2.0,MEDIUM
GAS,40.0,80.384,2.0,MEDIUM
GAS,41.0,80.2,2.0,MEDIUM
GAS,42.0,79.977,2.0,MEDIUM
GAS,43.0,81.048,2.0,MEDIUM
GAS,44.0,80.621,2.0,MEDIUM
GAS,45.0,79.382,2.0,MEDIUM
GAS,46.0,79.97,2.0,MEDIUM
GAS,47.0,79.435,2.0,MEDIUM
GAS,48.0,79.865,2.0,MEDIUM
GAS,49.0,80.534,2.0,MEDIUM
GAS,50.0,81.023,2.0,MEDIUM
GAS,51.0,84.473,2.0,MEDIUM
GAS,52.0,79.743,2.0,MEDIUM
GAS,53.0,79.917,2.0,MEDIUM
GAS,54.0,79.091,2.0,MEDIUM
GAS,55.0,79.407,2.0,MEDIUM
GAS,56.0,79.704,2.0,MEDIUM
GAS,57.0,79.448,2.0,MEDIUM
GAS,58.0,79.097,2.0,MEDIUM
GAS,59.0,81.378,2.0,MEDIUM
GAS,60.0,80.237,2.0,MEDIUM
GAS,61.0,80.407,2.0,MEDIUM
GAS,62.0,78.469,2.0,MEDIUM
GAS,63.0,79.155,2.0,MEDIUM
GAS,64.0,78.868,2.0,MEDIUM
GAS,65.0,79.22,2.0,MEDIUM
GAS,66.0,78.726,2.0,MEDIUM
GAS,67.0,78.624,2.0,MEDIUM
GAS,68.0,78.545,2.0,MEDIUM
GAS,69.0,78.363,2.0,MEDIUM
GAS,70.0,77.799,2.0,MEDIUM
GAS,71.0,78.14,2.0,MEDIUM
GAS,72.0,78.382,2.0,MEDIUM
GAS,73.0,77.992,2.0,MEDIUM
GAS,74.0,76.689,2.0,MEDIUM
GAS,75.0,78.12,2.0,MEDIUM
GAS,76.0,77.516,2.0,MEDIUM
GAS,77.0,75.625,2.0,MEDIUM
ALO,3.0,89.188,2.0,MEDIUM
ALO,4.0,83.736,2.0,MEDIUM
ALO,5.0,83.575,2.0,MEDIUM
ALO,6.0,82.711,2.0,MEDIUM
ALO,7.0,82.866,2.0,MEDIUM
ALO,8.0,82.284,2.0,MEDIUM
ALO,9.0,81.65,2.0,MEDIUM
ALO,10.0,81.864,2.0,MEDIUM
ALO,11.0,81.418,2.0,MEDIUM
ALO,12.0,81.366,2.0,MEDIUM
ALO,13.0,81.428,2.0,MEDIUM
ALO,14.0,81.392,2.0,MEDIUM
ALO,15.0,81.061,2.0,MEDIUM
ALO,16.0,81.318,2.0,MEDIUM
ALO,17.0,80.799,2.0,MEDIUM
ALO,18.0,81.075,2.0,MEDIUM
ALO,19.0,80.605,2.0,MEDIUM
ALO,20.0,81.11,2.0,MEDIUM
ALO,21.0,80.317,2.0,MEDIUM
ALO,22.0,81.037,2.0,MEDIUM
ALO,23.0,80.246,2.0,MEDIUM
ALO,24.0,81.413,2.0,MEDIUM
ALO,25.0,81.091,2.0,MEDIUM
ALO,26.0,80.858,2.0,MEDIUM
ALO,27.0,81.303,2.0,MEDIUM
ALO,28.0,81.544,2.0,MEDIUM
ALO,29.0,81.205,2.0,MEDIUM
ALO,30.0,81.034,2.0,MEDIUM
ALO,31.0,80.642,2.0,MEDIUM
ALO,32.0,81.01,2.0,MEDIUM
ALO,33.0,80.35,2.0,MEDIUM
ALO,34.0,80.877,2.0,MEDIUM
ALO,35.0,80.432,2.0,MEDIUM
ALO,36.0,81.128,2.0,MEDIUM
ALO,37.0,81.512,2.0,MEDIUM
ALO,38.0,81.082,2.0,MEDIUM
ALO,39.0,81.265,2.0,MEDIUM
ALO,40.0,80.755,2.0,MEDIUM
ALO,41.0,83.446,2.0,MEDIUM
ALO,42.0,83.332,2.0,MEDIUM
ALO,43.0,80.286,2.0,MEDIUM
ALO,44.0,78.852,2.0,MEDIUM
ALO,45.0,79.956,2.0,MEDIUM
ALO,46.0,78.928,2.0,MEDIUM
ALO,47.0,79.109,2.0,MEDIUM
ALO,48.0,80.315,2.0,MEDIUM
ALO,49.0,79.837,2.0,MEDIUM
ALO,50.0,79.334,2.0,MEDIUM
ALO,51.0,80.636,2.0,MEDIUM
ALO,52.0,83.377,2.0,MEDIUM
ALO,53.0,79.992,2.0,MEDIUM
ALO,54.0,79.191,2.0,MEDIUM
ALO,55.0,79.411,2.0,MEDIUM
ALO,56.0,80.739,2.0,MEDIUM
ALO,57.0,80.6,2.0,MEDIUM
ALO,58.0,79.229,2.0,MEDIUM
ALO,59.0,79.219,2.0,MEDIUM
ALO,60.0,79.166,2.0,MEDIUM
ALO,61.0,78.752,2.0,MEDIUM
ALO,62.0,78.816,2.0,MEDIUM
ALO,63.0,78.556,2.0,MEDIUM
ALO,64.0,78.736,2.0,MEDIUM
ALO,65.0,78.633,2.0,MEDIUM
ALO,66.0,78.637,2.0,MEDIUM
ALO,67.0,78.126,2.0,MEDIUM
ALO,68.0,77.939,2.0,MEDIUM
ALO,69.0,78.713,2.0,MEDIUM
ALO,70.0,78.473,2.0,MEDIUM
ALO,71.0,78.133,2.0,MEDIUM
ALO,72.0,78.081,2.0,MEDIUM
ALO,73.0,78.504,2.0,MEDIUM
ALO,74.0,80.336,2.0,MEDIUM
ALO,75.0,78.663,2.0,MEDIUM
ALO,76.0,79.053,2.0,MEDIUM
RIC,3.0,89.656,2.0,HARD
RIC,4.0,83.524,2.0,HARD
RIC,5.0,83.744,2.0,HARD
RIC,6.0,82.748,2.0,HARD
RIC,7.0,82.747,2.0,HARD
RIC,8.0,82.433,2.0,HARD
RIC,9.0,81.528,2.0,HARD
RIC,10.0,81.976,2.0,HARD
RIC,11.0,81.53,2.0,HARD
RIC,12.0,81.277,2.0,HARD
RIC,13.0,81.416,2.0,HARD
RIC,14.0,81.391,2.0,HARD
RIC,15.0,81.177,2.0,HARD
RIC,16.0,81.125,2.0,HARD
RIC,17.0,80.862,2.0,HARD
RIC,18.0,81.108,2.0,HARD
RIC,19.0,81.31,2.0,HARD
RIC,20.0,80.942,2.0,HARD
RIC,21.0,80.817,2.0,HARD
RIC,22.0,80.849,2.0,HARD
RIC,23.0,80.662,2.0,HARD
RIC,24.0,80.348,2.0,HARD
RIC,25.0,81.029,2.0,HARD
RIC,26.0,80.691,2.0,HARD
RIC,27.0,81.365,2.0,HARD
RIC,28.0,81.566,2.0,HARD
RIC,29.0,81.265,2.0,HARD
RIC,30.0,80.9,2.0,HARD
RIC,31.0,80.703,2.0,HARD
RIC,32.0,80.94,2.0,HARD
RIC,33.0,80.395,2.0,HARD
RIC,34.0,80.84,2.0,HARD
RIC,35.0,80.54,2.0,HARD
RIC,36.0,81.126,2.0,HARD
RIC,37.0,81.358,2.0,HARD
RIC,38.0,81.099,2.0,HARD
RIC,39.0,81.255,2.0,HARD
RIC,40.0,80.87,2.0,HARD
RIC,41.0,85.218,2.0,HARD
RIC,42.0,81.527,2.0,HARD
RIC,43.0,81.053,2.0,HARD
RIC,44.0,78.003,2.0,HARD
RIC,45.0,81.761,2.0,HARD
RIC,46.0,77.172,2.0,HARD
RIC,47.0,81.071,2.0,HARD
RIC,48.0,78.282,2.0,HARD
RIC,49.0,79.837,2.0,HARD
RIC,50.0,79.796,2.0,HARD
RIC,51.0,82.683,2.0,HARD
RIC,52.0,80.696,2.0,HARD
RIC,53.0,80.079,2.0,HARD
RIC,54.0,79.176,2.0,HARD
RIC,55.0,79.457,2.0,HARD
RIC,56.0,82.007,2.0,HARD
RIC,57.0,79.672,2.0,HARD
RIC,58.0,79.119,2.0,HARD
RIC,59.0,78.936,2.0,HARD
RIC,60.0,79.23,2.0,HARD
RIC,61.0,78.771,2.0,HARD
RIC,62.0,78.977,2.0,HARD
RIC,63.0,78.805,2.0,HARD
RIC,64.0,78.637,2.0,HARD
RIC,65.0,78.73,2.0,HARD
RIC,66.0,78.248,2.0,HARD
RIC,67.0,78.219,2.0,HARD
RIC,68.0,78.116,2.0,HARD
RIC,69.0,78.386,2.0,HARD
RIC,70.0,78.706,2.0,HARD
RIC,71.0,78.108,2.0,HARD
RIC,72.0,78.068,2.0,HARD
RIC,73.0,78.512,2.0,HARD
RIC,74.0,80.358,2.0,HARD
RIC,75.0,78.645,2.0,HARD
RIC,76.0,78.93,2.0,HARD
BOT,3.0,89.743,2.0,MEDIUM
BOT,4.0,83.386,2.0,MEDIUM
BOT,5.0,83.636,2.0,MEDIUM
BOT,6.0,82.868,2.0,MEDIUM
BOT,7.0,82.832,2.0,MEDIUM
BOT,8.0,82.249,2.0,MEDIUM
BOT,9.0,81.715,2.0,MEDIUM
BOT,10.0,81.947,2.0,MEDIUM
BOT,11.0,81.547,2.0,MEDIUM
BOT,12.0,81.328,2.0,MEDIUM
BOT,13.0,81.54,2.0,MEDIUM
BOT,14.0,81.221,2.0,MEDIUM
BOT,17.0,76.561,3.0,HARD
BOT,18.0,76.567,3.0,HARD
BOT,19.0,77.829,3.0,HARD
BOT,20.0,79.124,3.0,HARD
BOT,21.0,80.462,3.0,HARD
BOT,22.0,81.022,3.0,HARD
BOT,23.0,80.75,3.0,HARD
BOT,24.0,80.564,3.0,HARD
BOT,25.0,80.783,3.0,HARD
BOT,26.0,80.851,3.0,HARD
BOT,27.0,81.37,3.0,HARD
BOT,28.0,81.765,3.0,HARD
BOT,29.0,80.857,3.0,HARD
BOT,30.0,81.47,3.0,HARD
BOT,31.0,80.752,3.0,HARD
BOT,32.0,80.658,3.0,HARD
BOT,33.0,80.525,3.0,HARD
BOT,34.0,80.903,3.0,HARD
BOT,35.0,80.254,3.0,HARD
BOT,36.0,81.196,3.0,HARD
BOT,37.0,81.386,3.0,HARD
BOT,38.0,80.948,3.0,HARD
BOT,39.0,83.172,3.0,HARD
BOT,40.0,83.591,3.0,HARD
BOT,41.0,80.23,3.0,HARD
BOT,42.0,82.109,3.0,HARD
BOT,43.0,80.912,3.0,HARD
BOT,44.0,79.772,3.0,HARD
BOT,45.0,80.043,3.0,HARD
BOT,46.0,80.417,3.0,HARD
BOT,47.0,82.969,3.0,HARD
BOT,48.0,80.562,3.0,HARD
BOT,49.0,80.818,3.0,HARD
BOT,50.0,80.239,3.0,HARD
BOT,51.0,77.205,3.0,HARD
BOT,52.0,77.202,3.0,HARD
BOT,53.0,78.456,3.0,HARD
BOT,54.0,79.403,3.0,HARD
BOT,55.0,80.375,3.0,HARD
BOT,56.0,81.657,3.0,HARD
BOT,57.0,78.994,3.0,HARD
BOT,58.0,79.28,3.0,HARD
BOT,59.0,78.999,3.0,HARD
BOT,60.0,79.069,3.0,HARD
BOT,61.0,78.623,3.0,HARD
BOT,62.0,78.964,3.0,HARD
BOT,63.0,79.024,3.0,HARD
BOT,64.0,78.531,3.0,HARD
BOT,65.0,78.642,3.0,HARD
BOT,66.0,78.383,3.0,HARD
BOT,67.0,78.467,3.0,HARD
BOT,68.0,78.052,3.0,HARD
BOT,69.0,78.088,3.0,HARD
BOT,70.0,78.778,3.0,HARD
BOT,71.0,78.104,3.0,HARD
BOT,72.0,78.347,3.0,HARD
BOT,73.0,80.068,3.0,HARD
BOT,74.0,78.318,3.0,HARD
BOT,75.0,78.779,3.0,HARD
BOT,76.0,78.774,3.0,HARD
STR,3.0,88.303,2.0,MEDIUM
STR,4.0,83.354,2.0,MEDIUM
STR,5.0,83.731,2.0,MEDIUM
STR,6.0,82.977,2.0,MEDIUM
STR,7.0,82.634,2.0,MEDIUM
STR,8.0,81.653,2.0,MEDIUM
STR,9.0,82.09,2.0,MEDIUM
STR,10.0,81.725,2.0,MEDIUM
STR,11.0,81.517,2.0,MEDIUM
STR,12.0,81.471,2.0,MEDIUM
STR,13.0,81.314,2.0,MEDIUM
STR,14.0,80.427,2.0,MEDIUM
STR,15.0,80.781,2.0,MEDIUM
STR,16.0,81.189,2.0,MEDIUM
STR,17.0,81.97,2.0,MEDIUM
STR,18.0,80.698,2.0,MEDIUM
STR,19.0,80.353,2.0,MEDIUM
STR,20.0,79.398,2.0,MEDIUM
STR,21.0,79.016,2.0,MEDIUM
STR,22.0,81.307,2.0,MEDIUM
STR,23.0,81.188,2.0,MEDIUM
STR,24.0,81.621,2.0,MEDIUM
STR,25.0,80.506,2.0,MEDIUM
STR,26.0,80.589,2.0,MEDIUM
STR,27.0,80.307,2.0,MEDIUM
STR,28.0,80.131,2.0,MEDIUM
STR,29.0,79.464,2.0,MEDIUM
STR,30.0,81.422,2.0,MEDIUM
STR,31.0,82.535,2.0,MEDIUM
STR,32.0,81.252,2.0,MEDIUM
STR,33.0,80.536,2.0,MEDIUM
STR,34.0,79.789,2.0,MEDIUM
STR,35.0,79.497,2.0,MEDIUM
STR,36.0,79.297,2.0,MEDIUM
STR,37.0,79.638,2.0,MEDIUM
STR,38.0,79.706,2.0,MEDIUM
STR,39.0,79.867,2.0,MEDIUM
STR,40.0,80.45,2.0,MEDIUM
STR,41.0,80.2,2.0,MEDIUM
STR,44.0,78.551,3.0,HARD
STR,45.0,78.806,3.0,HARD
STR,46.0,78.296,3.0,HARD
STR,47.0,78.062,3.0,HARD
STR,50.0,77.788,4.0,SOFT
STR,51.0,76.982,4.0,SOFT
STR,52.0,77.35,4.0,SOFT
STR,53.0,81.547,4.0,SOFT
STR,54.0,80.571,4.0,SOFT
STR,55.0,79.963,4.0,SOFT
STR,56.0,77.279,4.0,SOFT
STR,57.0,76.914,4.0,SOFT
STR,58.0,77.156,4.0,SOFT
STR,59.0,76.71,4.0,SOFT
STR,60.0,77.326,4.0,SOFT
STR,61.0,78.298,4.0,SOFT
STR,62.0,79.07,4.0,SOFT
STR,63.0,79.1,4.0,SOFT
STR,64.0,78.425,4.0,SOFT
STR,65.0,78.732,4.0,SOFT
STR,66.0,78.748,4.0,SOFT
STR,67.0,78.636,4.0,SOFT
STR,68.0,78.057,4.0,SOFT
STR,69.0,78.275,4.0,SOFT
STR,70.0,78.557,4.0,SOFT
STR,71.0,78.464,4.0,SOFT
STR,72.0,78.332,4.0,SOFT
STR,73.0,80.709,4.0,SOFT
STR,74.0,78.23,4.0,SOFT
STR,75.0,78.511,4.0,SOFT
STR,76.0,78.623,4.0,SOFT
SAR,3.0,90.077,2.0,HARD
SAR,4.0,83.682,2.0,HARD
SAR,5.0,83.674,2.0,HARD
SAR,6.0,82.739,2.0,HARD
SAR,7.0,82.899,2.0,HARD
SAR,8.0,82.221,2.0,HARD
SAR,9.0,81.679,2.0,HARD
SAR,10.0,81.944,2.0,HARD
SAR,11.0,81.492,2.0,HARD
SAR,12.0,81.404,2.0,HARD
SAR,13.0,81.499,2.0,HARD
SAR,14.0,81.219,2.0,HARD
SAR,15.0,81.34,2.0,HARD
SAR,16.0,80.646,2.0,HARD
SAR,17.0,81.016,2.0,HARD
SAR,18.0,81.031,2.0,HARD
SAR,19.0,81.221,2.0,HARD
SAR,20.0,80.853,2.0,HARD
SAR,21.0,80.849,2.0,HARD
SAR,22.0,80.897,2.0,HARD
SAR,23.0,80.593,2.0,HARD
SAR,24.0,80.395,2.0,HARD
SAR,25.0,80.903,2.0,HARD
SAR,26.0,80.929,2.0,HARD
SAR,27.0,81.231,2.0,HARD
SAR,28.0,81.604,2.0,HARD
SAR,29.0,81.334,2.0,HARD
SAR,30.0,80.84,2.0,HARD
SAR,31.0,80.775,2.0,HARD
SAR,32.0,80.797,2.0,HARD
SAR,33.0,80.53,2.0,HARD
SAR,34.0,80.738,2.0,HARD
SAR,35.0,80.584,2.0,HARD
SAR,36.0,81.134,2.0,HARD
SAR,37.0,81.404,2.0,HARD
SAR,38.0,81.131,2.0,HARD
SAR,39.0,81.273,2.0,HARD
SAR,40.0,81.78,2.0,HARD
SAR,41.0,84.378,2.0,HARD
SAR,42.0,81.87,2.0,HARD
SAR,43.0,80.552,2.0,HARD
SAR,44.0,79.511,2.0,HARD
SAR,45.0,80.72,2.0,HARD
SAR,46.0,80.124,2.0,HARD
SAR,47.0,79.888,2.0,HARD
SAR,48.0,80.97,2.0,HARD
SAR,49.0,83.966,2.0,HARD
SAR,50.0,80.292,2.0,HARD
SAR,51.0,81.817,2.0,HARD
SAR,52.0,80.78,2.0,HARD
SAR,53.0,81.318,2.0,HARD
SAR,54.0,82.289,2.0,HARD
SAR,55.0,80.342,2.0,HARD
SAR,56.0,81.474,2.0,HARD
SAR,59.0,75.594,3.0,MEDIUM
SAR,60.0,75.58,3.0,MEDIUM
SAR,61.0,75.558,3.0,MEDIUM
SAR,62.0,75.525,3.0,MEDIUM
SAR,63.0,75.688,3.0,MEDIUM
SAR,64.0,76.895,3.0,MEDIUM
SAR,65.0,79.869,3.0,MEDIUM
SAR,66.0,80.799,3.0,MEDIUM
SAR,67.0,80.347,3.0,MEDIUM
SAR,68.0,80.004,3.0,MEDIUM
SAR,69.0,76.077,3.0,MEDIUM
SAR,70.0,76.866,3.0,MEDIUM
SAR,71.0,76.326,3.0,MEDIUM
SAR,72.0,76.402,3.0,MEDIUM
SAR,73.0,76.37,3.0,MEDIUM
SAR,74.0,76.863,3.0,MEDIUM
SAR,75.0,76.324,3.0,MEDIUM
SAR,76.0,77.197,3.0,MEDIUM
ZHO,3.0,90.396,2.0,HARD
ZHO,4.0,83.698,2.0,HARD
ZHO,5.0,83.494,2.0,HARD
ZHO,6.0,82.649,2.0,HARD
ZHO,7.0,82.934,2.0,HARD
ZHO,8.0,82.182,2.0,HARD
ZHO,9.0,81.81,2.0,HARD
ZHO,10.0,81.944,2.0,HARD
ZHO,11.0,81.563,2.0,HARD
ZHO,12.0,81.193,2.0,HARD
ZHO,13.0,81.529,2.0,HARD
ZHO,14.0,81.264,2.0,HARD
ZHO,15.0,81.447,2.0,HARD
ZHO,16.0,80.481,2.0,HARD
ZHO,17.0,80.979,2.0,HARD
ZHO,18.0,80.911,2.0,HARD
ZHO,19.0,81.42,2.0,HARD
ZHO,20.0,80.904,2.0,HARD
ZHO,21.0,80.669,2.0,HARD
ZHO,22.0,81.083,2.0,HARD
ZHO,23.0,80.792,2.0,HARD
ZHO,24.0,80.347,2.0,HARD
ZHO,25.0,80.763,2.0,HARD
ZHO,26.0,80.869,2.0,HARD
ZHO,27.0,81.293,2.0,HARD
ZHO,28.0,81.516,2.0,HARD
ZHO,29.0,81.338,2.0,HARD
ZHO,30.0,81.044,2.0,HARD
ZHO,31.0,80.806,2.0,HARD
ZHO,32.0,80.782,2.0,HARD
ZHO,33.0,80.677,2.0,HARD
ZHO,34.0,80.736,2.0,HARD
ZHO,35.0,80.372,2.0,HARD
ZHO,36.0,80.986,2.0,HARD
ZHO,37.0,81.449,2.0,HARD
ZHO,38.0,81.09,2.0,HARD
ZHO,39.0,81.233,2.0,HARD
ZHO,40.0,84.969,2.0,HARD
ZHO,41.0,81.127,2.0,HARD
ZHO,42.0,81.957,2.0,HARD
ZHO,43.0,80.578,2.0,HARD
ZHO,44.0,79.61,2.0,HARD
ZHO,45.0,80.686,2.0,HARD
ZHO,46.0,80.146,2.0,HARD
ZHO,47.0,80.075,2.0,HARD
ZHO,48.0,82.481,2.0,HARD
ZHO,49.0,82.134,2.0,HARD
ZHO,50.0,80.946,2.0,HARD
ZHO,51.0,80.962,2.0,HARD
ZHO,52.0,80.97,2.0,HARD
ZHO,53.0,81.375,2.0,HARD
ZHO,54.0,82.153,2.0,HARD
ZHO,55.0,81.399,2.0,HARD
ZHO,56.0,80.315,2.0,HARD
ZHO,57.0,81.119,2.0,HARD
ZHO,58.0,78.795,2.0,HARD
ZHO,59.0,77.936,2.0,HARD
ZHO,60.0,78.545,2.0,HARD
ZHO,61.0,78.707,2.0,HARD
ZHO,62.0,78.817,2.0,HARD
ZHO,63.0,78.789,2.0,HARD
ZHO,64.0,79.295,2.0,HARD
ZHO,65.0,79.719,2.0,HARD
ZHO,66.0,79.749,2.0,HARD
ZHO,67.0,80.357,2.0,HARD
ZHO,68.0,85.217,2.0,HARD
ZHO,69.0,80.484,2.0,HARD
ZHO,72.0,80.585,3.0,SOFT
ZHO,73.0,75.233,3.0,SOFT
ZHO,74.0,80.473,3.0,SOFT
ZHO,75.0,74.718,3.0,SOFT
ZHO,76.0,77.173,3.0,SOFT
